1|pRs1GMqc6KXDEZk5hhdEayErzLYDxZSwfg2Oztclb03b6880
2|BxnACJijzMpI5HI4u4mp2X9QJZcovnmYcVaL2vfq56ffbb88
3|LfQIGw1zODZBIcUsMOjzqF2efwGftVQp5EvwALoafcaa8d1b
4|g7hV2gF8Q9cvQ0WGuE1eqoo24pFD3zpeYAQUEDXg45bad3f3
5|6cB6oCx6oms3KcUdcZxFZ9VEEaBqzrDNA7PIhMkC263532a0
6|1GQWvzn8byrPAHly5revRiozkaDT0BrBQqLWZzZk022a6dd8
7|DtUf0j301tNWtJJgXBDDAHrPn501EILSRGfgmpCj2d685422
8|PJa4ntbppo2B53vpNtbtAcsWzi7i2E5Dgq3IwIJZ8dd6a185
9|3FT3MohfcH6jBtUVG8k4WYTw5BPgta5HzRO1t4jwcf42e4bf
10|R4aJHU4A5zZfGX7zrOCEbQlkk7KwYDxxTmpTu8vb4b9079e3
11|7n8urOiH2PWp9LcgSjSPfXfme9yXPrVwrhefao1u55eb2730
12|bcsOvxhBQrtlZvLEWebpAqXdO6TeXSKlO9EqKkpGc3cf9583
13|vsQ4vAQcHHAOgW2efYIg7P089ZdzuMAOfEPuUq2C524852de
14|qOUVkgMktO8gSco7q9gQT2RRwcou2AUjA1rk2Dgv1f2e9d81
15|9njkCA5l0BdFZJUuq38vSgzysShyTNuAng28VWHdff3f1df0
16|N9PRxyeNKe2WUN0mUmeUbUn6uEUntm8M3a5xwRIO22529bfb
17|Brsse90R1wxVZGw1lmlj9PgEvlSp7oaAdAKoG0A334c4ce58
18|2GzbdZNQfsjkPLXG2trEG2r0nv4pSsGtqGIKFWWVbd44b252
19|y6TEez6e5sBJK2oyxCqVfZoKYCcW1r6IrF3ULrLp69d28252
20|pOtDilFJYrBKGyahDA8hmCJt6KK6o7xoMShO3Q5F47b11325
21|TCpHRgruuZ9UDohBESmXYoPg9jicPY5JBH6BYUze55be403e
22|3WAK4KEWyMfUBShYRbw385qoZVW1TkiFmZDvlDEf7133bb1c
23|VH1hcFAbRbd6EDLCpQVGf57WmyZ0QVRiZEEbvwrzd1adcfb6
24|oFpsn8GahsczT2Q9gxLpeGoy5ds9n37ApL9NGRq0f4a51597
25|U38yFglsASdR0RDerMBjM0NSxwVIRtz68Yu98Gcwe6c27b8f
26|1UI50Mk8vKG3tdHaydXYFCdtWWHOcMwU7V5IMmPZce2f185a
27|Knk7apwg1enRxmojFmp749C4ZeZaY8qllpnnf0cNcc8ffb5c
28|r4v4a8bm41Fq15rMyC6XmPFGNKSTWbk7Wxiyq5Un2ba9ca3a
29|po5XPiNEn7mkJU2q7gg9Oxw0qq99rF1TqY5KdXIQfbd4b3a7
30|7ujXQo5DqcUH97ZpOnRZcZWBtstelaQp5Q9WWAIz0d1fb9a7
31|WHKniyyXic4WtkSqt0WWrTuKe0CdcLUHWzgAwvDifb672b74
32|1HADIg14ugfzCOOwbYbtQwcsOjnL7TogsiuduIad2c7cb72d
33|EFxcPWdXUouzWfppDBalSXvnvg08HPhgCp0S7gQj7420618f
34|BWw5mHeYqVUF8Bx9R0efTxrqHhnHPGgd4QZvcgYsa89f0ad5
35|WMveijq69ZZv9447leqbVGLeCLPG4tD1QlkOCwNff904d61e
36|QQEFDz1rmSAQzGztSD3spw0MCbKxmX110gqbZW6885655e2f
37|UZ9Wj1QDCPSh7x6bdJPrWfGzfi9z64aMICTI0Zuucab6315d
38|ANc7Z6diKOi7RGvRWoIo3nY3FU3WOkK7C8vY8ytx680e0f23
39|GYYcqsk7wNd6XJ1Ez9q00PkqDemWDQDzZfHmrL6zfce727f4
40|gD9VC46GNcsHIrUMrjUQMwUbTMdRBUtikWgmWi3U6a0e915a
41|kLpHzfwFNkOz0m4PI1hd4Y4b6Gnox8e57cwL0HEVc38dd4c1
42|i7Gm7kXUvwVYjmdIwVhjm8xABXmjQLrIemKt3pMubd0531c1
43|ZctrklUlfRWPkhdbdXbzWS2I42rr5hitGJoWDyshe3c30e9a
44|68d10c7YrJYOOyGvQvXAcTxwHHAv0kqc89WKtASpc4db5050
45|0755EUjRa0fisgt739OtPczGnC8zxquNf9AMyGab63c2f08a
46|0GUQjSFpxBbLdiJpjElzG95NpytVtNCVEdC26sIb51abd5a7
47|JoRwc6oitfEOXh5sl1YWbnatZhOJRaQwghSHPSra0c1702bf
48|9OAzEcBQAGj5zycxyosUKTAOHliS2sfgtgbV2gPiee0d0ee2
49|jgwDK6M00pp1CB3d8cUSx1C3Y5CggPZr3Hg8m58la254651d
50|AF6HxbtdyFvDV4jMS8Xv72JUBaqni1NKkXbY2zQv99888fb9
51|TvfmbJB9hpHmQRVpJXufWgpz0lz8BtF87eUVXLvg0b2925d5
52|kaOPJspcvrWkfntWKheefXzfRruFDd6rAHpjw2RFb265cb8d
53|PxOHm77mDDtfBmnBYI37XJlJO8AsxSn67uQXmhumc1f5ce7f
54|j6ypG8TZKUaHwZrT8974Vt5SnCY3tBfa1lGxFApA6777c288
55|UfLl5cj55gklTlGVS3WB2DcAj6Vam3dTRtDtZOgZ27b5271e
56|JPKL8SXiNEDAoWQiOL0GKUNLjW66MS5NA2hmvlDU131ee1d3
57|cAxwy3z92xDkqdn9CSLrZJYAUw18Sacq2o6jnk7R27d76181
58|f6GbrDTQ2UYgTapfdn0L1awEfHK47zjV0P1TY7uI76a78c02
59|D4tDuHijjhqEjoE152ovCuoEFydxPerYAJzJnrAF69b48a0c
60|QaIrcENw0G7lC1tHbOsk3kz1jupgpbqu8hUGwqH88ac6136c
61|Smu7FUvgO6XM1n3zcawigX852SmngXFj9NzHmEu712a6fa01
62|q6ZP6BkNJd25vVs7jpFEDFFc3KcuqBPbCFjalFTu4c7805bc
63|sdahkfEY7OjOj4R5GoWQwvWTLIQe36mmsuWXflPSba4f0427
64|qYgyABzcEMJpQvD6YGtjhVNJIHdg6W5t9W2s0D3o1c6f2bfa
65|WadziUu7vfW4TvPXlSuHKTcHK51Vmci0x5yTa7lGb1b01b83
66|4enGXJO98fXqIjdjpDZd54WlhvHPbIFr0VEmwhHV3c20a06c
67|I2wQRiL13IYW7v1wyllVsrkYW3LDLmtX6NeXiBEk979e3ef4
68|NMUCBGRcTgT51K0xk5ufidzpxs90LohHlSwFAD9he6302539
69|R14hjyEkpX1wk6CcdSs6HV81iymKYXCqnRwnzinu2e411a37
70|EwDWn6qKuQHINqGbQ5j6HO7RCHQlYztZg33JIJL5bf0cf504
71|g18DXNaBYerBF66QREr88amfgQyIBoilAaIgKYSf5565f964
72|VNuYoSeav1eJiDkDqgXVqILq9pCUSyDTaHqj3pDv8158d80a
73|KTaH7VLrZtDw48CdW8X7zLqC3coL2bpH0Ec0DUBl2a4b8c95
74|pVKCUryZ4PNuBzLlKC49Y7lYHb6eyvdlOw98zEYK130e09fa
75|NfGHbW7LCOTdTeTyxEIsilJU1V3AGhGZrOxnorvtcdd4e69b
76|NLyalMn7MNfgPYcPaIDRts0YbcZN13jfO65WidcV7379fc91
77|Ll0cEk5O9NW6SwY7ZyaHA6rOA5WtjWTU4vwFuLpu48d4f3ab
78|fIsiXVukNLRRghCY2Cdnsq3HYeVJNlxnmC1YgHfs6a3aafd4
79|dkzHA7usW18ANOVhoAiQfFNV04w2ogdANjJN5Xa18228aba2
80|ftbZq6jcuSYf09SobWc0Woj8P07t7gahRQGVeLLE466c4b87
81|3wHcuZ3kZ4mIbms0GnTQBtoLjLCONzQMRYIAo82111355ad9
82|CKotDGw5iNPszOhFQszTAHDk0X0MufeVnGccBK11f98425e2
83|CDDzK9PQxBeyu837slxsVhYHnGjUj2kARI69bYTS2439eb66
84|fSNkdKiF9XYzPAv7mtnzWmz6sqDG14saBEaHBBTe183f03c0
85|1o1r1R8cx6Ov8ztRs9nqrFWOTWKZxvZWfVLNnt8q641613ba
86|6rqlrib5DI4IXo07F1KnvWeozkjZnUtjPn1dusAB57306a13
87|AUHxN77iGPB9xae09WMWBRjmWAFnCheswTHHArczda0b5b0e
88|dYGWIvNqlcZQ0lO4nDASYRmXVyz1Ij9tdwV8BjXB8f86684b
89|Wc5SPZlI6Fm2BOEQZ3NSzH8xnpvZDXQSl3kMsP8l52173ec3
90|TVPapRyDHGGNo97tJh4ahXR0df7BguFhZVtSQyBG97a8cc39
91|NnhmJgd7ZTzfxjmDVOQcSqnhiSWLt4uWA0O43Gmyea93bb9a
92|6r8lDnUrCKyUAg3m4b1oCcxCIeL8fKXBlrgSLVyub029bb96
93|BrdNorWaGp4wygXEaY41s5BY3FxJJqg5LagqzyTJ5f57f67d
94|JYucsbuGxVXPkYhu2FS9qH18CyFa4C2Qtk01Pse9bc07df92
95|q9zb69inuPNwwxiCDgWcLPpAptxzRFm4KPgIoyu9064ef7ad
96|JKpFMjAxOTiEHtiZCaEkMPX5Y6Nd7AjQa3prBTcs5136ee36
97|on4UfjqKbBKQJgv0g5ZCpIh05okO9FFNEFZt29KB202040c5
98|cjr0q9Zg7jzc5dPyC1HbGJpzcXkSoUqIvUNoAmtvd5e20e39
99|1K4qU2pR7Z4OvFOVhLwP1Azctxs4XtyPJDX8WoyO365024a0
100|7TFcRFPzoIRd2ABlVlvVNgkyw4wuRvYO0sUbmP28f22dc7da
